elem_id,type,node_i,node_j,Fx_i_local,Fy_i_local,Fz_i_local,Mx_i_local,My_i_local,Mz_i_local,Fx_j_local,Fy_j_local,Fz_j_local,Mx_j_local,My_j_local,Mz_j_local
101,3D_truss,1,2,-6.261243455607809,0.0,0.0,0.0,0.0,0.0,6.261243455607809,0.0,0.0,0.0,0.0,0.0
102,3D_truss,2,3,-5.3675146967437,0.0,0.0,0.0,0.0,0.0,5.3675146967437,0.0,0.0,0.0,0.0,0.0
103,3D_truss,3,4,-10.359356283506662,0.0,0.0,0.0,0.0,0.0,10.359356283506662,0.0,0.0,0.0,0.0,0.0
104,3D_truss,4,5,-10.492229267612913,0.0,0.0,0.0,0.0,0.0,10.492229267612913,0.0,0.0,0.0,0.0,0.0
105,3D_truss,5,6,-5.958824874121724,0.0,0.0,0.0,0.0,0.0,5.958824874121724,0.0,0.0,0.0,0.0,0.0
106,3D_truss,6,7,-6.876875333525831,0.0,0.0,0.0,0.0,0.0,6.876875333525831,0.0,0.0,0.0,0.0,0.0
107,3D_truss,1,8,9.258770649521571,0.0,0.0,0.0,0.0,0.0,-9.258770649521571,0.0,0.0,0.0,0.0,0.0
108,3D_truss,8,9,8.595266576362356,0.0,0.0,0.0,0.0,0.0,-8.595266576362356,0.0,0.0,0.0,0.0,0.0
109,3D_truss,9,10,9.38814881332075,0.0,0.0,0.0,0.0,0.0,-9.38814881332075,0.0,0.0,0.0,0.0,0.0
110,3D_truss,10,11,9.537588721254583,0.0,0.0,0.0,0.0,0.0,-9.537588721254583,0.0,0.0,0.0,0.0,0.0
111,3D_truss,11,12,8.86604415454915,0.0,0.0,0.0,0.0,0.0,-8.86604415454915,0.0,0.0,0.0,0.0,0.0
112,3D_truss,7,12,10.225310109292643,0.0,0.0,0.0,0.0,0.0,-10.225310109292643,0.0,0.0,0.0,0.0,0.0
113,3D_truss,2,8,-1.330455677038664,0.0,0.0,0.0,0.0,0.0,1.330455677038664,0.0,0.0,0.0,0.0,0.0
114,3D_truss,3,9,1.1506404597424194,0.0,0.0,0.0,0.0,0.0,-1.1506404597424194,0.0,0.0,0.0,0.0,0.0
115,3D_truss,4,10,-1.2296533215983771,0.0,0.0,0.0,0.0,0.0,1.2296533215983771,0.0,0.0,0.0,0.0,0.0
116,3D_truss,5,11,0.9991354053054096,0.0,0.0,0.0,0.0,0.0,-0.9991354053054096,0.0,0.0,0.0,0.0,0.0
117,3D_truss,6,12,-2.365297074128655,0.0,0.0,0.0,0.0,0.0,2.365297074128655,0.0,0.0,0.0,0.0,0.0
118,3D_truss,3,8,-7.393409035530425,0.0,0.0,0.0,0.0,0.0,7.393409035530425,0.0,0.0,0.0,0.0,0.0
119,3D_truss,4,9,-1.4872570692116227,0.0,0.0,0.0,0.0,0.0,1.4872570692116227,0.0,0.0,0.0,0.0,0.0
120,3D_truss,4,11,-1.282533572779876,0.0,0.0,0.0,0.0,0.0,1.282533572779876,0.0,0.0,0.0,0.0,0.0
121,3D_truss,5,12,-6.961857875547842,0.0,0.0,0.0,0.0,0.0,6.961857875547842,0.0,0.0,0.0,0.0,0.0
122,3D_truss,3,10,1.004677720311392,0.0,0.0,0.0,0.0,0.0,-1.004677720311392,0.0,0.0,0.0,0.0,0.0
123,3D_truss,5,10,0.724473186182415,0.0,0.0,0.0,0.0,0.0,-0.724473186182415,0.0,0.0,0.0,0.0,0.0
201,3D_truss,13,14,-6.25721524984072,0.0,0.0,0.0,0.0,0.0,6.25721524984072,0.0,0.0,0.0,0.0,0.0
202,3D_truss,14,15,-5.3610641412966755,0.0,0.0,0.0,0.0,0.0,5.3610641412966755,0.0,0.0,0.0,0.0,0.0
203,3D_truss,15,16,-10.401933730613512,0.0,0.0,0.0,0.0,0.0,10.401933730613512,0.0,0.0,0.0,0.0,0.0
204,3D_truss,16,17,-10.542972471320375,0.0,0.0,0.0,0.0,0.0,10.542972471320375,0.0,0.0,0.0,0.0,0.0
205,3D_truss,17,18,-5.995687177716761,0.0,0.0,0.0,0.0,0.0,5.995687177716761,0.0,0.0,0.0,0.0,0.0
206,3D_truss,18,19,-6.918509016649828,0.0,0.0,0.0,0.0,0.0,6.918509016649828,0.0,0.0,0.0,0.0,0.0
207,3D_truss,13,20,9.354517946977397,0.0,0.0,0.0,0.0,0.0,-9.354517946977397,0.0,0.0,0.0,0.0,0.0
208,3D_truss,20,21,8.660693185043009,0.0,0.0,0.0,0.0,0.0,-8.660693185043009,0.0,0.0,0.0,0.0,0.0
209,3D_truss,21,22,9.411973382158383,0.0,0.0,0.0,0.0,0.0,-9.411973382158383,0.0,0.0,0.0,0.0,0.0
210,3D_truss,22,23,9.562161098800937,0.0,0.0,0.0,0.0,0.0,-9.562161098800937,0.0,0.0,0.0,0.0,0.0
211,3D_truss,23,24,8.907023967117379,0.0,0.0,0.0,0.0,0.0,-8.907023967117379,0.0,0.0,0.0,0.0,0.0
212,3D_truss,19,24,10.287215742343665,0.0,0.0,0.0,0.0,0.0,-10.287215742343665,0.0,0.0,0.0,0.0,0.0
213,3D_truss,14,20,-1.3549801838224056,0.0,0.0,0.0,0.0,0.0,1.3549801838224056,0.0,0.0,0.0,0.0,0.0
214,3D_truss,15,21,1.1653835821392704,0.0,0.0,0.0,0.0,0.0,-1.1653835821392704,0.0,0.0,0.0,0.0,0.0
215,3D_truss,16,22,-1.2371736993361537,0.0,0.0,0.0,0.0,0.0,1.2371736993361537,0.0,0.0,0.0,0.0,0.0
216,3D_truss,17,23,1.0047825211256765,0.0,0.0,0.0,0.0,0.0,-1.0047825211256765,0.0,0.0,0.0,0.0,0.0
217,3D_truss,18,24,-2.3890086029644806,0.0,0.0,0.0,0.0,0.0,2.3890086029644806,0.0,0.0,0.0,0.0,0.0
218,3D_truss,15,20,-7.456017222243766,0.0,0.0,0.0,0.0,0.0,7.456017222243766,0.0,0.0,0.0,0.0,0.0
219,3D_truss,16,21,-1.5071789363507548,0.0,0.0,0.0,0.0,0.0,1.5071789363507548,0.0,0.0,0.0,0.0,0.0
220,3D_truss,16,23,-1.2901643234487778,0.0,0.0,0.0,0.0,0.0,1.2901643234487778,0.0,0.0,0.0,0.0,0.0
221,3D_truss,17,24,-6.99172448721151,0.0,0.0,0.0,0.0,0.0,6.99172448721151,0.0,0.0,0.0,0.0,0.0
222,3D_truss,15,22,1.0200727756831398,0.0,0.0,0.0,0.0,0.0,-1.0200727756831398,0.0,0.0,0.0,0.0,0.0
223,3D_truss,17,22,0.7192401549800138,0.0,0.0,0.0,0.0,0.0,-0.7192401549800138,0.0,0.0,0.0,0.0,0.0
301,3D_frame,2,25,-0.022397424009256345,0.8937287588641089,1.2804556770386697,-0.31312773033519775,-4.9262129654313425,2.981197999992315,0.022397424009256345,-0.8937287588641089,-1.1804556770386696,0.31312773033519775,-1.3093987530953608,1.4874457943282287
302,3D_frame,25,26,0.022422875667455135,-0.12036965561652702,0.21189688528779554,-0.08186279124984042,1.3177142193003466,-1.0468545893929626,-0.022422875667455135,0.12036965561652702,-0.11189688528779555,0.08186279124984042,-2.2105319790726363,0.4450063113103262
303,3D_frame,26,27,0.02242604554455441,0.12137267062152812,-0.1363705156489033,0.0815846626929621,2.21053775835721,-0.44497863512880365,-0.02242604554455441,-0.12137267062152812,0.23637051564890327,-0.0815846626929621,-1.362018513446041,1.0518419882364451
304,3D_frame,27,14,-0.0224514972027532,-0.8961511085440452,-1.2049801838224254,0.31340585889207606,1.353789663969285,-1.4929131121578871,0.0224514972027532,0.8961511085440452,1.3049801838224255,-0.31340585889207606,4.837777921809537,-2.9878424305623383
305,3D_frame,3,28,0.013845167128431833,0.6563329264476685,3.527322390473489,-0.3718902025274933,-13.674176533668637,2.093866837704823,-0.013845167128431833,-0.6563329264476685,-3.4273223904734893,0.3718902025274933,-3.7957687520321124,1.1877977945335187
306,3D_frame,28,29,-0.01386431532860357,-0.06229859537873583,0.4539520676843864,-0.13344049749939813,3.821613876442702,-0.6075826046853159,0.01386431532860357,0.06229859537873583,-0.3539520676843864,0.13344049749939813,-5.924707548197925,0.2960896277916385
307,3D_frame,29,30,-0.013863877213564057,0.06366017878593011,-0.3740622801029872,0.1331323389427269,5.924711680004198,-0.2960270811882726,0.013863877213564057,-0.06366017878593011,0.4740622801029872,-0.1331323389427269,-3.8877336128225672,0.6143279751179254
308,3D_frame,30,15,0.013883025413735794,-0.6597663876416284,-3.4475192146812903,0.3721983610841645,3.8619519021211395,-1.195436846298147,-0.013883025413735794,0.6597663876416284,3.54751921468129,-0.3721983610841645,13.542310837951979,-2.103395091909995
309,3D_frame,4,31,0.01664875319205219,0.004814809366093575,3.2294291866462137,-0.05853332059905905,-12.440430598096507,0.013442062101534091,-0.01664875319205219,-0.004814809366093575,-3.129429186646214,0.05853332059905905,-3.5400486684678705,0.010631984728933785
310,3D_frame,31,32,-0.01671493136605228,-0.000717824768069586,0.4143140952086128,-0.032104471602603185,3.4718993804765623,-0.002889818355428009,0.01671493136605228,0.000717824768069586,-0.3143140952086128,0.032104471602603185,-5.37680318985296,-0.000699305484920032
311,3D_frame,32,33,-0.01671503922849915,0.0009510623727414513,-0.3425188379334763,0.032107522506480524,5.376783244821003,0.0007645668867344302,0.01671503922849915,-0.0009510623727414513,0.4425188379334763,-0.032107522506480524,-3.4975223884869373,0.0039907449769727155
312,3D_frame,33,16,0.016781217402499243,-0.004915503542231692,-3.1573398026011654,0.058530269695181714,3.565369702831821,-0.010985452061506251,-0.016781217402499243,0.004915503542231692,3.257339802601165,-0.058530269695181714,12.387995976840648,-0.013592065649652207
313,3D_frame,5,34,0.01431679825574215,-0.6360753303000504,3.5668237951659902,-0.09795404913866365,-13.837648341289347,-2.031497734421686,-0.01431679825574215,0.6360753303000504,-3.4668237951659906,0.09795404913866365,-3.829803967873952,-1.148878917078564
314,3D_frame,34,35,-0.014391257348218797,0.05435117219310737,0.4650375187620625,-0.0637066651196522,3.8590810797314155,0.5783191597225859,0.014391257348218797,-0.05435117219310737,-0.36503751876206253,0.0637066651196522,-6.017602006875005,-0.3065632987570508
315,3D_frame,35,36,-0.014391657538029547,-0.05446794001742683,-0.3852302108507189,0.06398551893745465,6.017607431665444,0.3066235303662612,0.014391657538029547,0.05446794001742683,0.4852302108507189,-0.06398551893745465,-3.924789710745254,-0.5789632304533958
316,3D_frame,36,17,0.014466116630506193,0.6387618657685556,-3.4871520724775538,0.0976751953208612,3.895595586726406,1.1529794634433017,-0.014466116630506193,-0.6387618657685556,3.5871520724775534,-0.0976751953208612,13.706831442328044,2.0408298653994734
317,3D_frame,6,37,-0.022413294566969853,-0.9180504594041068,2.315297074128675,-0.14916638712973684,-8.93490612937786,-3.057497556495825,0.022413294566969853,0.9180504594041068,-2.2152970741286753,0.14916638712973684,-2.474912574598813,-1.532754740524707
318,3D_frame,37,38,0.022547628375419522,0.12978560854394194,0.3141915565101698,-0.07708475990209185,2.479624160117131,1.0878040652883074,-0.022547628375419522,-0.12978560854394194,-0.2141915565101698,0.07708475990209185,-3.8839152760012987,-0.43887602256859726
319,3D_frame,38,39,0.022544528435538363,-0.13076526678905465,-0.23788203201082753,0.07729214842050594,3.8839198851520016,0.4389034641885212,-0.022544528435538363,0.13076526678905465,0.3378820320108275,-0.07729214842050594,-2.527843058431183,-1.092729798133794
320,3D_frame,39,18,-0.022678862243988032,0.9228218389330598,-2.2390086029645007,0.14895899861132275,2.523200428283294,1.5402693302285986,0.022678862243988032,-0.9228218389330598,2.3390086029645003,-0.14895899861132275,8.838509253205876,3.0738398644367013
401,3D_frame,25,28,-1.0140984144806353,-0.04482029967671148,0.9685587917508781,0.008315466204981144,-0.23126493908535917,-0.4405912049352647,1.0140984144806353,0.04482029967671148,1.9214252082491217,-0.008315466204981144,0.13619006822139834,-0.37406256198864307
402,3D_frame,28,31,-1.7327299363070416,-0.01711081721967607,1.0519451145399752,0.034160590615541914,-0.3746397732494975,-0.20615262785956268,1.7327299363070416,0.01711081721967607,1.8380388854600254,-0.034160590615541914,-1.2360649006290858,-0.10485358592526955
403,3D_frame,31,34,-1.7382625704411971,0.01625286733842842,0.8770762059775639,-0.033988697375791854,1.2096360516326294,0.09711141955176418,1.7382625704411971,-0.01625286733842842,2.0129077940224356,0.033988697375791854,0.3580765565191646,0.19830069719151075
404,3D_frame,34,37,-1.0478360679480367,0.04496092294238936,0.9888784823814821,-0.004711585518314139,-0.39232394053816844,0.3722590601644703,1.0478360679480367,-0.04496092294238936,1.9011055176185185,0.004711585518314139,-0.07208162722764566,0.4449506752363988
405,3D_frame,26,29,0.24174232623805736,-3.169877099276198e-06,0.24826740093667815,5.779284566809048e-06,-0.16344745394280236,-2.7676181522957534e-05,-0.24174232623805736,3.169877099276198e-06,0.4605965990633218,-5.779284566809048e-06,-0.054290137482259304,-2.9939504633486642e-05
406,3D_frame,29,32,0.3677011004027193,-3.6079921387868975e-06,0.267417748724035,9.911090817067947e-06,-0.21228269895986696,-3.2607098732102925e-05,-0.3677011004027193,3.6079921387868975e-06,0.44144625127596504,-9.911090817067947e-06,-0.35353161384819254,-3.297176638248774e-05
407,3D_frame,32,35,0.3693699875435321,-3.5001296919137232e-06,0.21538668186614063,-1.0033941171231987e-05,0.28931961973910947,-3.2289635431931e-05,-0.3693699875435321,3.5001296919137232e-06,0.4934773181338592,1.0033941171231987e-05,0.09058273866191757,-3.132872184829282e-05
408,3D_frame,35,38,0.2605508753329957,-3.099939881160733e-06,0.2567904114789625,-4.609150699651799e-06,-0.21827492271902382,-2.8902887358572654e-05,-0.2605508753329957,3.099939881160733e-06,0.4520735885210376,4.609150699651799e-06,-0.15437690832259787,-2.7441619921404832e-05
409,3D_frame,27,30,-1.0175237791655647,0.04487754274730761,0.9686096681735215,-0.00822884947675112,-0.231821196199113,0.44107112392143827,1.0175237791655647,-0.04487754274730761,1.9213743318264782,0.00822884947675112,0.13582159547718753,0.3746230930536249
410,3D_frame,30,33,-1.7409503455931237,0.017130640120007753,1.0520826027518662,-0.03401056017814913,-0.37488761761861955,0.2064857781265976,1.7409503455931237,-0.017130640120007753,1.8379013972481344,0.03401056017814913,-1.2383160419992976,0.10488073669466332
411,3D_frame,33,36,-1.7468169115080983,-0.016365616510990662,0.8769195674195298,0.03383675416673668,1.211893294810598,-0.09788602961012895,1.7468169115080983,0.016365616510990662,2.013064432580469,-0.03383675416673668,0.3586663757720254,-0.1995754160936373
412,3D_frame,36,39,-1.0535871057221087,-0.0452233906795264,0.9888574290463388,0.004642630147893673,-0.392356052155431,-0.37444081689626874,1.0535871057221087,0.0452233906795264,1.9011265709536618,-0.004642630147893673,-0.07166685019081953,-0.4475395320948032
501,3D_truss,8,20,0.0,0.0,0.0,0.0,0.0,0.0,0.0,0.0,0.0,0.0,0.0,0.0
502,3D_truss,9,21,0.0,0.0,0.0,0.0,0.0,0.0,0.0,0.0,0.0,0.0,0.0,0.0
503,3D_truss,10,22,0.0,0.0,0.0,0.0,0.0,0.0,0.0,0.0,0.0,0.0,0.0,0.0
504,3D_truss,11,23,0.0,0.0,0.0,0.0,0.0,0.0,0.0,0.0,0.0,0.0,0.0,0.0
505,3D_truss,12,24,0.0,0.0,0.0,0.0,0.0,0.0,0.0,0.0,0.0,0.0,0.0,0.0
506,3D_truss,8,21,3.8721577099791133,0.0,0.0,0.0,0.0,0.0,-3.8721577099791133,0.0,0.0,0.0,0.0,0.0
507,3D_truss,20,9,3.9332325002611306,0.0,0.0,0.0,0.0,0.0,-3.9332325002611306,0.0,0.0,0.0,0.0,0.0
508,3D_truss,9,22,4.2415787908542875,0.0,0.0,0.0,0.0,0.0,-4.2415787908542875,0.0,0.0,0.0,0.0,0.0
509,3D_truss,21,10,4.262282586020071,0.0,0.0,0.0,0.0,0.0,-4.262282586020071,0.0,0.0,0.0,0.0,0.0
510,3D_truss,10,23,4.320289787421769,0.0,0.0,0.0,0.0,0.0,-4.320289787421769,0.0,0.0,0.0,0.0,0.0
511,3D_truss,22,11,4.319102186412882,0.0,0.0,0.0,0.0,0.0,-4.319102186412882,0.0,0.0,0.0,0.0,0.0
512,3D_truss,11,24,4.035066361607277,0.0,0.0,0.0,0.0,0.0,-4.035066361607277,0.0,0.0,0.0,0.0,0.0
513,3D_truss,23,12,4.0042275311069675,0.0,0.0,0.0,0.0,0.0,-4.0042275311069675,0.0,0.0,0.0,0.0,0.0
