elem_id,type,node_i,node_j,L,axial_i_local,axial_j_local,axial_abs_max,shear_y_abs_max,shear_z_abs_max,torsion_abs_max,moment_y_abs_max,moment_z_abs_max,moment_abs_max,stress_axial_i,stress_axial_j,stress_axial_abs_max
101,3D_truss,1,2,18.176,-6.261243455607809,6.261243455607809,6.261243455607809,0.0,0.0,0.0,0.0,0.0,0.0,-6.261243455607809,6.261243455607809,6.261243455607809
102,3D_truss,2,3,18.176,-5.3675146967437,5.3675146967437,5.3675146967437,0.0,0.0,0.0,0.0,0.0,0.0,-5.3675146967437,5.3675146967437,5.3675146967437
103,3D_truss,3,4,18.176000000000002,-10.359356283506662,10.359356283506662,10.359356283506662,0.0,0.0,0.0,0.0,0.0,0.0,-10.359356283506662,10.359356283506662,10.359356283506662
104,3D_truss,4,5,18.175999999999995,-10.492229267612913,10.492229267612913,10.492229267612913,0.0,0.0,0.0,0.0,0.0,0.0,-10.492229267612913,10.492229267612913,10.492229267612913
105,3D_truss,5,6,18.176000000000002,-5.958824874121724,5.958824874121724,5.958824874121724,0.0,0.0,0.0,0.0,0.0,0.0,-5.958824874121724,5.958824874121724,5.958824874121724
106,3D_truss,6,7,18.17500000000001,-6.876875333525831,6.876875333525831,6.876875333525831,0.0,0.0,0.0,0.0,0.0,0.0,-6.876875333525831,6.876875333525831,6.876875333525831
107,3D_truss,1,8,27.02530251449556,9.258770649521571,-9.258770649521571,9.258770649521571,0.0,0.0,0.0,0.0,0.0,0.0,9.258770649521571,-9.258770649521571,9.258770649521571
108,3D_truss,8,9,18.176,8.595266576362356,-8.595266576362356,8.595266576362356,0.0,0.0,0.0,0.0,0.0,0.0,8.595266576362356,-8.595266576362356,8.595266576362356
109,3D_truss,9,10,18.176000000000002,9.38814881332075,-9.38814881332075,9.38814881332075,0.0,0.0,0.0,0.0,0.0,0.0,9.38814881332075,-9.38814881332075,9.38814881332075
110,3D_truss,10,11,18.175999999999995,9.537588721254583,-9.537588721254583,9.537588721254583,0.0,0.0,0.0,0.0,0.0,0.0,9.537588721254583,-9.537588721254583,9.537588721254583
111,3D_truss,11,12,18.176000000000002,8.86604415454915,-8.86604415454915,8.86604415454915,0.0,0.0,0.0,0.0,0.0,0.0,8.86604415454915,-8.86604415454915,8.86604415454915
112,3D_truss,7,12,27.02462996971467,10.225310109292643,-10.225310109292643,10.225310109292643,0.0,0.0,0.0,0.0,0.0,0.0,10.225310109292643,-10.225310109292643,10.225310109292643
113,3D_truss,2,8,20.0,-1.330455677038664,1.330455677038664,1.330455677038664,0.0,0.0,0.0,0.0,0.0,0.0,-1.330455677038664,1.330455677038664,1.330455677038664
114,3D_truss,3,9,20.0,1.1506404597424194,-1.1506404597424194,1.1506404597424194,0.0,0.0,0.0,0.0,0.0,0.0,1.1506404597424194,-1.1506404597424194,1.1506404597424194
115,3D_truss,4,10,20.0,-1.2296533215983771,1.2296533215983771,1.2296533215983771,0.0,0.0,0.0,0.0,0.0,0.0,-1.2296533215983771,1.2296533215983771,1.2296533215983771
116,3D_truss,5,11,20.0,0.9991354053054096,-0.9991354053054096,0.9991354053054096,0.0,0.0,0.0,0.0,0.0,0.0,0.9991354053054096,-0.9991354053054096,0.9991354053054096
117,3D_truss,6,12,20.0,-2.365297074128655,2.365297074128655,2.365297074128655,0.0,0.0,0.0,0.0,0.0,0.0,-2.365297074128655,2.365297074128655,2.365297074128655
118,3D_truss,3,8,27.02530251449556,-7.393409035530425,7.393409035530425,7.393409035530425,0.0,0.0,0.0,0.0,0.0,0.0,-7.393409035530425,7.393409035530425,7.393409035530425
119,3D_truss,4,9,27.02530251449556,-1.4872570692116227,1.4872570692116227,1.4872570692116227,0.0,0.0,0.0,0.0,0.0,0.0,-1.4872570692116227,1.4872570692116227,1.4872570692116227
120,3D_truss,4,11,27.025302514495557,-1.282533572779876,1.282533572779876,1.282533572779876,0.0,0.0,0.0,0.0,0.0,0.0,-1.282533572779876,1.282533572779876,1.282533572779876
121,3D_truss,5,12,27.02530251449556,-6.961857875547842,6.961857875547842,6.961857875547842,0.0,0.0,0.0,0.0,0.0,0.0,-6.961857875547842,6.961857875547842,6.961857875547842
122,3D_truss,3,10,27.02530251449556,1.004677720311392,-1.004677720311392,1.004677720311392,0.0,0.0,0.0,0.0,0.0,0.0,1.004677720311392,-1.004677720311392,1.004677720311392
123,3D_truss,5,10,27.025302514495557,0.724473186182415,-0.724473186182415,0.724473186182415,0.0,0.0,0.0,0.0,0.0,0.0,0.724473186182415,-0.724473186182415,0.724473186182415
201,3D_truss,13,14,18.176,-6.25721524984072,6.25721524984072,6.25721524984072,0.0,0.0,0.0,0.0,0.0,0.0,-6.25721524984072,6.25721524984072,6.25721524984072
202,3D_truss,14,15,18.176,-5.3610641412966755,5.3610641412966755,5.3610641412966755,0.0,0.0,0.0,0.0,0.0,0.0,-5.3610641412966755,5.3610641412966755,5.3610641412966755
203,3D_truss,15,16,18.176000000000002,-10.401933730613512,10.401933730613512,10.401933730613512,0.0,0.0,0.0,0.0,0.0,0.0,-10.401933730613512,10.401933730613512,10.401933730613512
204,3D_truss,16,17,18.175999999999995,-10.542972471320375,10.542972471320375,10.542972471320375,0.0,0.0,0.0,0.0,0.0,0.0,-10.542972471320375,10.542972471320375,10.542972471320375
205,3D_truss,17,18,18.176000000000002,-5.995687177716761,5.995687177716761,5.995687177716761,0.0,0.0,0.0,0.0,0.0,0.0,-5.995687177716761,5.995687177716761,5.995687177716761
206,3D_truss,18,19,18.17500000000001,-6.918509016649828,6.918509016649828,6.918509016649828,0.0,0.0,0.0,0.0,0.0,0.0,-6.918509016649828,6.918509016649828,6.918509016649828
207,3D_truss,13,20,27.02530251449556,9.354517946977397,-9.354517946977397,9.354517946977397,0.0,0.0,0.0,0.0,0.0,0.0,9.354517946977397,-9.354517946977397,9.354517946977397
208,3D_truss,20,21,18.176,8.660693185043009,-8.660693185043009,8.660693185043009,0.0,0.0,0.0,0.0,0.0,0.0,8.660693185043009,-8.660693185043009,8.660693185043009
209,3D_truss,21,22,18.176000000000002,9.411973382158383,-9.411973382158383,9.411973382158383,0.0,0.0,0.0,0.0,0.0,0.0,9.411973382158383,-9.411973382158383,9.411973382158383
210,3D_truss,22,23,18.175999999999995,9.562161098800937,-9.562161098800937,9.562161098800937,0.0,0.0,0.0,0.0,0.0,0.0,9.562161098800937,-9.562161098800937,9.562161098800937
211,3D_truss,23,24,18.176000000000002,8.907023967117379,-8.907023967117379,8.907023967117379,0.0,0.0,0.0,0.0,0.0,0.0,8.907023967117379,-8.907023967117379,8.907023967117379
212,3D_truss,19,24,27.02462996971467,10.287215742343665,-10.287215742343665,10.287215742343665,0.0,0.0,0.0,0.0,0.0,0.0,10.287215742343665,-10.287215742343665,10.287215742343665
213,3D_truss,14,20,20.0,-1.3549801838224056,1.3549801838224056,1.3549801838224056,0.0,0.0,0.0,0.0,0.0,0.0,-1.3549801838224056,1.3549801838224056,1.3549801838224056
214,3D_truss,15,21,20.0,1.1653835821392704,-1.1653835821392704,1.1653835821392704,0.0,0.0,0.0,0.0,0.0,0.0,1.1653835821392704,-1.1653835821392704,1.1653835821392704
215,3D_truss,16,22,20.0,-1.2371736993361537,1.2371736993361537,1.2371736993361537,0.0,0.0,0.0,0.0,0.0,0.0,-1.2371736993361537,1.2371736993361537,1.2371736993361537
216,3D_truss,17,23,20.0,1.0047825211256765,-1.0047825211256765,1.0047825211256765,0.0,0.0,0.0,0.0,0.0,0.0,1.0047825211256765,-1.0047825211256765,1.0047825211256765
217,3D_truss,18,24,20.0,-2.3890086029644806,2.3890086029644806,2.3890086029644806,0.0,0.0,0.0,0.0,0.0,0.0,-2.3890086029644806,2.3890086029644806,2.3890086029644806
218,3D_truss,15,20,27.02530251449556,-7.456017222243766,7.456017222243766,7.456017222243766,0.0,0.0,0.0,0.0,0.0,0.0,-7.456017222243766,7.456017222243766,7.456017222243766
219,3D_truss,16,21,27.02530251449556,-1.5071789363507548,1.5071789363507548,1.5071789363507548,0.0,0.0,0.0,0.0,0.0,0.0,-1.5071789363507548,1.5071789363507548,1.5071789363507548
220,3D_truss,16,23,27.025302514495557,-1.2901643234487778,1.2901643234487778,1.2901643234487778,0.0,0.0,0.0,0.0,0.0,0.0,-1.2901643234487778,1.2901643234487778,1.2901643234487778
221,3D_truss,17,24,27.02530251449556,-6.99172448721151,6.99172448721151,6.99172448721151,0.0,0.0,0.0,0.0,0.0,0.0,-6.99172448721151,6.99172448721151,6.99172448721151
222,3D_truss,15,22,27.02530251449556,1.0200727756831398,-1.0200727756831398,1.0200727756831398,0.0,0.0,0.0,0.0,0.0,0.0,1.0200727756831398,-1.0200727756831398,1.0200727756831398
223,3D_truss,17,22,27.025302514495557,0.7192401549800138,-0.7192401549800138,0.7192401549800138,0.0,0.0,0.0,0.0,0.0,0.0,0.7192401549800138,-0.7192401549800138,0.7192401549800138
301,3D_frame,2,25,5.0,-0.022397424009256345,0.022397424009256345,0.022397424009256345,0.8937287588641089,1.2804556770386697,0.31312773033519775,4.9262129654313425,2.981197999992315,4.9262129654313425,-0.037329040015427244,0.037329040015427244,0.037329040015427244
302,3D_frame,25,26,5.0,0.022422875667455135,-0.022422875667455135,0.022422875667455135,0.12036965561652702,0.21189688528779554,0.08186279124984042,2.2105319790726363,1.0468545893929626,2.2105319790726363,0.03737145944575856,-0.03737145944575856,0.03737145944575856
303,3D_frame,26,27,5.0,0.02242604554455441,-0.02242604554455441,0.02242604554455441,0.12137267062152812,0.23637051564890327,0.0815846626929621,2.21053775835721,1.0518419882364451,2.21053775835721,0.037376742574257354,-0.037376742574257354,0.037376742574257354
304,3D_frame,27,14,5.0,-0.0224514972027532,0.0224514972027532,0.0224514972027532,0.8961511085440452,1.3049801838224255,0.31340585889207606,4.837777921809537,2.9878424305623383,4.837777921809537,-0.03741916200458867,0.03741916200458867,0.03741916200458867
305,3D_frame,3,28,5.0,0.013845167128431833,-0.013845167128431833,0.013845167128431833,0.6563329264476685,3.527322390473489,0.3718902025274933,13.674176533668637,2.093866837704823,13.674176533668637,0.02307527854738639,-0.02307527854738639,0.02307527854738639
306,3D_frame,28,29,5.0,-0.01386431532860357,0.01386431532860357,0.01386431532860357,0.06229859537873583,0.4539520676843864,0.13344049749939813,5.924707548197925,0.6075826046853159,5.924707548197925,-0.023107192214339285,0.023107192214339285,0.023107192214339285
307,3D_frame,29,30,5.0,-0.013863877213564057,0.013863877213564057,0.013863877213564057,0.06366017878593011,0.4740622801029872,0.1331323389427269,5.924711680004198,0.6143279751179254,5.924711680004198,-0.02310646202260676,0.02310646202260676,0.02310646202260676
308,3D_frame,30,15,5.0,0.013883025413735794,-0.013883025413735794,0.013883025413735794,0.6597663876416284,3.54751921468129,0.3721983610841645,13.542310837951979,2.103395091909995,13.542310837951979,0.02313837568955966,-0.02313837568955966,0.02313837568955966
309,3D_frame,4,31,5.0,0.01664875319205219,-0.01664875319205219,0.01664875319205219,0.004814809366093575,3.2294291866462137,0.05853332059905905,12.440430598096507,0.013442062101534091,12.440430598096507,0.1109916879470146,-0.1109916879470146,0.1109916879470146
310,3D_frame,31,32,5.0,-0.01671493136605228,0.01671493136605228,0.01671493136605228,0.000717824768069586,0.4143140952086128,0.032104471602603185,5.37680318985296,0.002889818355428009,5.37680318985296,-0.11143287577368188,0.11143287577368188,0.11143287577368188
311,3D_frame,32,33,5.0,-0.01671503922849915,0.01671503922849915,0.01671503922849915,0.0009510623727414513,0.4425188379334763,0.032107522506480524,5.376783244821003,0.0039907449769727155,5.376783244821003,-0.11143359485666102,0.11143359485666102,0.11143359485666102
312,3D_frame,33,16,5.0,0.016781217402499243,-0.016781217402499243,0.016781217402499243,0.004915503542231692,3.257339802601165,0.058530269695181714,12.387995976840648,0.013592065649652207,12.387995976840648,0.11187478268332829,-0.11187478268332829,0.11187478268332829
313,3D_frame,5,34,5.0,0.01431679825574215,-0.01431679825574215,0.01431679825574215,0.6360753303000504,3.5668237951659902,0.09795404913866365,13.837648341289347,2.031497734421686,13.837648341289347,0.023861330426236917,-0.023861330426236917,0.023861330426236917
314,3D_frame,34,35,5.0,-0.014391257348218797,0.014391257348218797,0.014391257348218797,0.05435117219310737,0.4650375187620625,0.0637066651196522,6.017602006875005,0.5783191597225859,6.017602006875005,-0.023985428913697995,0.023985428913697995,0.023985428913697995
315,3D_frame,35,36,5.0,-0.014391657538029547,0.014391657538029547,0.014391657538029547,0.05446794001742683,0.4852302108507189,0.06398551893745465,6.017607431665444,0.5789632304533958,6.017607431665444,-0.023986095896715912,0.023986095896715912,0.023986095896715912
316,3D_frame,36,17,5.0,0.014466116630506193,-0.014466116630506193,0.014466116630506193,0.6387618657685556,3.5871520724775534,0.0976751953208612,13.706831442328044,2.0408298653994734,13.706831442328044,0.02411019438417699,-0.02411019438417699,0.02411019438417699
317,3D_frame,6,37,5.0,-0.022413294566969853,0.022413294566969853,0.022413294566969853,0.9180504594041068,2.315297074128675,0.14916638712973684,8.93490612937786,3.057497556495825,8.93490612937786,-0.037355490944949755,0.037355490944949755,0.037355490944949755
318,3D_frame,37,38,5.0,0.022547628375419522,-0.022547628375419522,0.022547628375419522,0.12978560854394194,0.3141915565101698,0.07708475990209185,3.8839152760012987,1.0878040652883074,3.8839152760012987,0.0375793806256992,-0.0375793806256992,0.0375793806256992
319,3D_frame,38,39,5.0,0.022544528435538363,-0.022544528435538363,0.022544528435538363,0.13076526678905465,0.3378820320108275,0.07729214842050594,3.8839198851520016,1.092729798133794,3.8839198851520016,0.03757421405923061,-0.03757421405923061,0.03757421405923061
320,3D_frame,39,18,5.0,-0.022678862243988032,0.022678862243988032,0.022678862243988032,0.9228218389330598,2.3390086029645003,0.14895899861132275,8.838509253205876,3.0738398644367013,8.838509253205876,-0.037798103739980056,0.037798103739980056,0.037798103739980056
401,3D_frame,25,28,18.176,-1.0140984144806353,1.0140984144806353,1.0140984144806353,0.04482029967671148,1.9214252082491217,0.008315466204981144,0.23126493908535917,0.4405912049352647,0.4405912049352647,-1.1408607162764541,1.1408607162764541,1.1408607162764541
402,3D_frame,28,31,18.176000000000002,-1.7327299363070416,1.7327299363070416,1.7327299363070416,0.01711081721967607,1.8380388854600254,0.034160590615541914,1.2360649006290858,0.20615262785956268,1.2360649006290858,-1.9493211783210553,1.9493211783210553,1.9493211783210553
403,3D_frame,31,34,18.175999999999995,-1.7382625704411971,1.7382625704411971,1.7382625704411971,0.01625286733842842,2.0129077940224356,0.033988697375791854,1.2096360516326294,0.19830069719151075,1.2096360516326294,-1.9555453917219026,1.9555453917219026,1.9555453917219026
404,3D_frame,34,37,18.176000000000002,-1.0478360679480367,1.0478360679480367,1.0478360679480367,0.04496092294238936,1.9011055176185185,0.004711585518314139,0.39232394053816844,0.4449506752363988,0.4449506752363988,-1.1788155764268062,1.1788155764268062,1.1788155764268062
405,3D_frame,26,29,18.176,0.24174232623805736,-0.24174232623805736,0.24174232623805736,3.169877099276198e-06,0.4605965990633218,5.779284566809048e-06,0.16344745394280236,2.9939504633486642e-05,0.16344745394280236,0.9669693049522294,-0.9669693049522294,0.9669693049522294
406,3D_frame,29,32,18.176000000000002,0.3677011004027193,-0.3677011004027193,0.3677011004027193,3.6079921387868975e-06,0.44144625127596504,9.911090817067947e-06,0.35353161384819254,3.297176638248774e-05,0.35353161384819254,1.4708044016108772,-1.4708044016108772,1.4708044016108772
407,3D_frame,32,35,18.175999999999995,0.3693699875435321,-0.3693699875435321,0.3693699875435321,3.5001296919137232e-06,0.4934773181338592,1.0033941171231987e-05,0.28931961973910947,3.2289635431931e-05,0.28931961973910947,1.4774799501741285,-1.4774799501741285,1.4774799501741285
408,3D_frame,35,38,18.176000000000002,0.2605508753329957,-0.2605508753329957,0.2605508753329957,3.099939881160733e-06,0.4520735885210376,4.609150699651799e-06,0.21827492271902382,2.8902887358572654e-05,0.21827492271902382,1.0422035013319828,-1.0422035013319828,1.0422035013319828
409,3D_frame,27,30,18.176,-1.0175237791655647,1.0175237791655647,1.0175237791655647,0.04487754274730761,1.9213743318264782,0.00822884947675112,0.231821196199113,0.44107112392143827,0.44107112392143827,-1.1447142515469515,1.1447142515469515,1.1447142515469515
410,3D_frame,30,33,18.176000000000002,-1.7409503455931237,1.7409503455931237,1.7409503455931237,0.017130640120007753,1.8379013972481344,0.03401056017814913,1.2383160419992976,0.2064857781265976,1.2383160419992976,-1.9585691387677822,1.9585691387677822,1.9585691387677822
411,3D_frame,33,36,18.175999999999995,-1.7468169115080983,1.7468169115080983,1.7468169115080983,0.016365616510990662,2.013064432580469,0.03383675416673668,1.211893294810598,0.1995754160936373,1.211893294810598,-1.965169025422046,1.965169025422046,1.965169025422046
412,3D_frame,36,39,18.176000000000002,-1.0535871057221087,1.0535871057221087,1.0535871057221087,0.0452233906795264,1.9011265709536618,0.004642630147893673,0.392356052155431,0.4475395320948032,0.4475395320948032,-1.1852854939225563,1.1852854939225563,1.1852854939225563
501,3D_truss,8,20,20.0,0.0,0.0,0.0,0.0,0.0,0.0,0.0,0.0,0.0,0.0,0.0,0.0
502,3D_truss,9,21,20.0,0.0,0.0,0.0,0.0,0.0,0.0,0.0,0.0,0.0,0.0,0.0,0.0
503,3D_truss,10,22,20.0,0.0,0.0,0.0,0.0,0.0,0.0,0.0,0.0,0.0,0.0,0.0,0.0
504,3D_truss,11,23,20.0,0.0,0.0,0.0,0.0,0.0,0.0,0.0,0.0,0.0,0.0,0.0,0.0
505,3D_truss,12,24,20.0,0.0,0.0,0.0,0.0,0.0,0.0,0.0,0.0,0.0,0.0,0.0,0.0
506,3D_truss,8,21,27.02530251449556,3.8721577099791133,-3.8721577099791133,3.8721577099791133,0.0,0.0,0.0,0.0,0.0,0.0,3.8721577099791133,-3.8721577099791133,3.8721577099791133
507,3D_truss,20,9,27.02530251449556,3.9332325002611306,-3.9332325002611306,3.9332325002611306,0.0,0.0,0.0,0.0,0.0,0.0,3.9332325002611306,-3.9332325002611306,3.9332325002611306
508,3D_truss,9,22,27.02530251449556,4.2415787908542875,-4.2415787908542875,4.2415787908542875,0.0,0.0,0.0,0.0,0.0,0.0,4.2415787908542875,-4.2415787908542875,4.2415787908542875
509,3D_truss,21,10,27.02530251449556,4.262282586020071,-4.262282586020071,4.262282586020071,0.0,0.0,0.0,0.0,0.0,0.0,4.262282586020071,-4.262282586020071,4.262282586020071
510,3D_truss,10,23,27.025302514495557,4.320289787421769,-4.320289787421769,4.320289787421769,0.0,0.0,0.0,0.0,0.0,0.0,4.320289787421769,-4.320289787421769,4.320289787421769
511,3D_truss,22,11,27.025302514495557,4.319102186412882,-4.319102186412882,4.319102186412882,0.0,0.0,0.0,0.0,0.0,0.0,4.319102186412882,-4.319102186412882,4.319102186412882
512,3D_truss,11,24,27.02530251449556,4.035066361607277,-4.035066361607277,4.035066361607277,0.0,0.0,0.0,0.0,0.0,0.0,4.035066361607277,-4.035066361607277,4.035066361607277
513,3D_truss,23,12,27.02530251449556,4.0042275311069675,-4.0042275311069675,4.0042275311069675,0.0,0.0,0.0,0.0,0.0,0.0,4.0042275311069675,-4.0042275311069675,4.0042275311069675
